Example,Integridad,https://www.profuturo.mx/integridad
Example,Error 404,https://www.profuturo.mx/error-404
Example,Responsabilidad Social,https://www.profuturo.mx/responsabilidad-social
Example,Grupo bal,https://www.profuturo.mx/grupo-bal
Example,Grupo Profuturo,https://www.profuturo.mx/grupo-profuturo
Example,Sostenibilidad,https://www.profuturo.mx/sostenibilidad
Example,Centro de Ayuda,https://www.profuturo.mx/content/wps/portal/Ayuda
Example,Responsables de servicio al cliente,https://www.profuturo.mx/responsables-de-servicio-al-cliente
Example,Preguntas Frecuentes,https://www.profuturo.mx/preguntas-frecuentes
Example,Medios de contacto,https://www.profuturo.mx/contacto
Example,Aviso de Privacidad,https://www.profuturo.mx/aviso-de-privacidad
Example,Encuentra una sucursal,https://www.profuturo.mx/encuentra-una-sucursal.html
Example,Citas,https://www.profuturo.mx/agendar-citas
Example,Información normativa,https://www.profuturo.mx/informacion-normativa.html
Example,Reportes financieros,https://www.profuturo.mx/reportes-financieros
Example,Mapa de sitio,https://www.profuturo.mx/mapa-de-sitio
Example,Buscador de Portal Público,https://www.profuturo.mx/termino-de-busqueda-aqui-aparecera.html/
Example,Home Portal Público,https://www.profuturo.mx/
Example,Home Préstamos,https://www.profuturo.mx/prestamos
Example,Pensionados profuturo,https://www.profuturo.mx/pensiones
Example,Trámites Préstamos,https://www.profuturo.mx/pensiones/elige-profuturo
Example,Profuturo Pensiones (home),https://www.profuturo.mx/pensiones
Example,Elige Profuturo Pensiones,https://www.profuturo.mx/pensiones/elige-profuturo
Example,Solicitar mi Pensión,https://www.profuturo.mx/pensiones/solicitar-mi-pension
Example,Beneficiarios legales,https://www.profuturo.mx/pensiones/beneficiarios-legales
Example,Obtén tu pensión con Profuturo,https://www.profuturo.mx/pensiones/obten-tu-pension
Example,IMSS - Régimen de 1973,https://www.profuturo.mx/pensiones/regimen-imss-ley-73
Example,IMSS - Régimen de 1997,https://www.profuturo.mx/pensiones/regimen-imss-ley-97
Example,ISSSTE - 10º Transitorio,https://www.profuturo.mx/pensiones/regimen-issste-decimo-transitorio
Example,ISSSTE - Cuenta individual,https://www.profuturo.mx/pensiones/regimen-issste-cuenta-individual
Example,Trámites Pensiones,https://www.profuturo.mx/pensiones/tramites
Example,Home Afore (Acerca de Afore),https://www.profuturo.mx/afore
Example,Aportaciones Voluntarias,https://www.profuturo.mx/afore/tramites.html?tramite=ahorro-voluntario
Example,Leer Estado de Cuenta,https://www.profuturo.mx/afore/tramites.html?tramite=estado-de-cuenta
Example,Trámites Afore,https://www.profuturo.mx/afore/tramites
Example,Documentos de análisis,https://www.profuturo.mx/perspectiva-economica
Example,Qué es una SIEFORE,https://www.profuturo.mx/afore/que-es-una-siefore.html
Example,Cuida tu futuro (Minusvalías),https://www.profuturo.mx/que-son-las-minusvalias
Example,Cambio Quinquenal,https://www.profuturo.mx/que-es-el-cambio-quinquenal-de-las-afores
Example,Chat de pensiones,https://www.profuturo.mx/reportes-financieros?sidebarId=sidebar-pensiones
Example,Voluntariado (Home + Historias),https://www.profuturo.mx/voluntariado
Example,Minusvalías,https://www.profuturo.mx/que-son-las-minusvalias
Example,¿Por qué Profuturo?,https://afore.profuturo.mx/por-que-profuturo
Example,¿En qué Afore estoy?,https://afore.profuturo.mx/en-que-afore-estoy
Example,Elige Profuturo (Afores),https://afore.profuturo.mx/registro
Example,¿Qué es una Afore?,https://afore.profuturo.mx/que-es-una-afore
Example,Home Profuturo Asesora,https://www.profuturo.mx/profuturoasesora
Example,Profuturo asesora Notas (121 Notas),https://www.profuturo.mx/profuturoasesora/afore
Example,Profuturo asesora Notas (Detalle de resultados),https://www.profuturo.mx/profuturoasesora/resultados-profuturo-asesora
Example,Trabaja en Profuturo,https://www.profuturo.mx/trabaja-en-profuturo
Example,Buscador de Portal Público,https://www.profuturo.mx/termino-de-busqueda-aqui-aparecera.html/
